{
  "mae": 4.252120882347904,
  "rmse": 5.407225881835976,
  "r2": 0.8922711939242917,
  "samples": 200
}